nconst,primaryName,birthYear,deathYear,primaryProfession,knownForTitles
nm1774132,Nathan McLaughlin,1973,\N,"special_effects,make_up_department","tt0417686,tt1713976,tt1891860,tt0454839"
nm10683464,Bridge Andrew,\N,\N,actor,tt7718088
nm1021485,Brandon Fransvaag,\N,\N,miscellaneous,tt0168790
nm6940929,Erwin van der Lely,\N,\N,miscellaneous,tt4232168
nm5764974,Svetlana Shypitsyna,\N,\N,actress,tt3014168
nm8621807,Utku Arslan,\N,\N,actor,"tt5493404,tt7661932,tt0845088,tt9278408"
nm0415875,Mihály Jakab,\N,\N,transportation_department,tt0242160
nm7082726,Ernesto Ballén,\N,\N,actor,"tt8696516,tt6407610,tt2707408,tt4392976"
nm5903442,Jen Brown,\N,\N,actress,tt3145724
nm1744604,Tatyana Kuzmichyova,\N,\N,"editor,assistant_director,costume_department","tt0420982,tt1186366,tt0417552,tt0847880"
nm8581827,Joel Capps,\N,\N,actor,tt6245544
nm4404596,Roger Caadan,\N,\N,costume_department,tt1483429
nm1669765,Jim Boutet,1930,2004,actor,"tt0414476,tt0106067"
nm3211206,Mi Young Jo,\N,\N,animation_department,tt0101178
nm3123793,Maksim Romanov,\N,\N,"actor,writer","tt8777220,tt1075829"
nm8651439,Aleksandr Tretyakov,\N,\N,art_department,tt5528188
nm8856913,Elisabete Dias,\N,\N,miscellaneous,tt0487823
nm6091094,Alexandru Marinescu,\N,\N,,tt3336094
nm5711171,Daaren Boreham,\N,\N,miscellaneous,tt2960352
nm3678548,Rie Miyamoto,\N,\N,actor,"tt3134050,tt1541662"
nm7130434,Manuela Grippi,\N,\N,actor,"tt3835904,tt4457208"
nm8701519,Katarina Kovacova,\N,\N,miscellaneous,tt6413760
nm2670763,Nigel Holland,1980,\N,"stunts,miscellaneous","tt0867222,tt0462125"
nm3015632,Adrienne Unae,\N,\N,actress,tt1233605
nm4635237,Emmanuel Baudoux,\N,\N,actor,tt0172057
nm0866832,Cyrene Tomlinson,\N,\N,actress,"tt0932859,tt0106611"
nm10283208,Joonoo Park,\N,\N,,tt8727570
nm5492835,Blaise Musipere,\N,\N,actor,"tt0144724,tt2661016,tt2953742"
nm2074883,Barun Chakravorthy,\N,\N,music_department,tt0405266
nm5663704,Chris Keefe,\N,\N,actor,tt2899272
nm2279245,Elizabeth Gardner,\N,\N,script_department,tt0384237
nm6720918,Josh Greenwood,\N,\N,miscellaneous,tt3920082
nm2034444,Carole Dufour,\N,\N,producer,"tt2147731,tt0475207,tt0481327,tt2287307"
nm3579039,John Delahunt,\N,\N,actor,"tt1496773,tt2102295"
nm2464791,Mattia Battistini,1856,1928,actor,"tt0933109,tt0906582"
nm8696915,Rodrigo Sena,\N,\N,miscellaneous,tt5685938
nm7025761,Metin Namlisesli,\N,\N,"producer,production_manager","tt9124840,tt4321754,tt11020184,tt6677500"
nm8601290,Lisa Meitin,\N,\N,sound_department,"tt5104902,tt7316232,tt5104954,tt7344644"
nm8825295,Emily Kneeter,\N,\N,camera_department,"tt6426638,tt9269338"
nm3091629,Luke Carpenter,\N,\N,,tt1046237
nm7476036,Zoe Klien,\N,\N,actress,tt2948966
nm5430266,Mikaela Burton,\N,\N,"producer,production_manager,miscellaneous","tt2584364,tt5152178,tt4577036"
nm3816262,Sherman Poore,\N,\N,sound_department,tt1606717
nm3029057,Kuo-chin Mei,\N,\N,actress,"tt0194578,tt0292367"
nm3208110,Kelly Nixon,\N,\N,"actress,miscellaneous,camera_department","tt1462834,tt1329225,tt1717561,tt1500224"
nm3611779,David Alonso,\N,\N,transportation_department,tt0302447
nm8873607,João Silva,\N,\N,actor,"tt6744664,tt6690666,tt6916934"
nm4724396,Mauro Kirikou Verbiest,\N,\N,actor,tt0266647
nm5557746,Gregory Wilpert,\N,\N,,tt0400998
nm10998624,Dave,\N,\N,,tt0103549
nm6216742,Hiroki Matsukawa,\N,\N,actor,"tt5311514,tt7222086,tt10068158,tt0988818"
nm0363283,Charles Harley,\N,\N,actor,"tt0008125,tt0009706"
nm6601643,Donald Hicok,\N,\N,actor,tt3369710
nm6518188,Rolf-Dieter Lützen,\N,\N,miscellaneous,tt0890886
nm0764629,Elefteria Sapountzi,\N,\N,actress,"tt0255962,tt1111863,tt0274680,tt0292754"
nm4645761,Julie Verveken,\N,\N,actress,tt0172057
nm4819436,Bill Larrie,\N,\N,actor,"tt0128715,tt0141366"
nm1135616,Mayra Chardiet,\N,2006,actress,"tt0065506,tt0089298,tt0184334,tt0361177"
nm8491521,Darla Murray,\N,\N,,tt0081857
nm7668121,Emily Bennett,\N,\N,actress,tt5116584
nm0617305,Francisco Márquez,\N,\N,"writer,director,assistant_director","tt1854293,tt4450806,tt11732324,tt5623224"
nm4764865,Jozef Jurcisin Kukla,\N,\N,actor,"tt2099457,tt7379170,tt1860489,tt4417902"
nm2748755,Andrew Pope,\N,\N,"producer,writer,camera_department","tt1518812,tt1426748,tt1780826,tt3141838"
nm4501148,Felicia Niculescu,\N,\N,production_manager,"tt0071651,tt0173158,tt0152241,tt0151051"
nm0128357,Frankie Caero,\N,\N,actor,"tt0421316,tt0212395,tt0107318,tt0141842"
nm4851964,Amadito Velazco,\N,\N,music_department,tt1235830
nm0122663,F. Pat Burns,\N,\N,actor,tt0101393
nm4548117,Ton Brevoord,\N,\N,art_department,tt0179009
nm7916876,Kyle Donnelly,\N,\N,"sound_department,miscellaneous","tt5001852,tt7140462"
nm4829906,José Antonio García,\N,\N,,tt2097312
nm4401014,Henry Alberto Suarez,\N,\N,actor,tt1881075
nm2706302,Matthew Fuchs,\N,\N,art_department,"tt0796366,tt0396269,tt0371746,tt0438315"
nm0598225,Kevin Monk,\N,\N,"writer,actor","tt3012540,tt1898937,tt0105117,tt1600757"
nm5477293,Barry Morris,1935,2015,miscellaneous,"tt1974470,tt0101373"
nm0167483,Jean-Claude Clément,\N,\N,actor,tt0074423
nm1686754,Michael Healey,\N,\N,camera_department,"tt0086729,tt0243073,tt0254024,tt0139765"
nm7708649,Karl Fabien,\N,\N,"miscellaneous,actor","tt7187686,tt5176886,tt7122856"
nm1081925,Harry Mooradian,\N,\N,actor,tt0183696
nm6160025,Tracy Liu,\N,\N,actress,tt3410974
nm3786654,Steve Wygmans,\N,\N,"art_department,set_decorator,art_director","tt3163828,tt1560954,tt1682940,tt2336507"
nm1676471,Doug Howarth,\N,\N,editor,"tt11167878,tt8630190,tt1023502,tt1793869"
nm0148326,Jason Centeno,\N,\N,"writer,actor","tt0398572,tt0140587"
nm2352500,Michèle Neukens,\N,\N,animation_department,tt0074539
nm2003263,Michelle Collette,\N,\N,camera_department,"tt0470122,tt1976548"
nm1561562,James Hirsen,\N,\N,actor,"tt1084172,tt0961117,tt3230014,tt0192897"
nm3932092,David Scott,\N,\N,"sound_department,actor,miscellaneous","tt1343091,tt1450324,tt7369734,tt2103188"
nm1729748,Peter Carstiuc,\N,\N,cinematographer,"tt0424811,tt0092491"
nm4675881,Lovrin Tomasevic,\N,\N,actor,tt2033827
nm10676686,Rebecca Joviano,\N,\N,producer,tt10298188
nm6253203,Elliott Whitton,\N,\N,"miscellaneous,producer,executive","tt7125860,tt5649144,tt7772582,tt5688932"
nm11209157,Joe Grossman,\N,\N,miscellaneous,tt3281548
nm6071149,Willy Cooper,\N,\N,composer,tt3317616
nm4474115,Swapna Mitra,\N,\N,actress,tt1920888
nm1584645,John Crawford,1960,\N,actor,tt0403505
nm10037917,Richard Moore,\N,\N,actor,tt7629780
nm3138496,Didi Riyadi,\N,\N,"actor,director","tt1293629,tt3239582"
nm3857474,Sophie McNicholas,\N,\N,production_manager,tt1604150
nm3729357,Camille Montgomery,\N,\N,"actress,soundtrack","tt5012644,tt4602554,tt6255042"
nm4137344,Joseph Kruszewski,\N,\N,actor,tt1754242
nm8072245,Dan Kaufman,\N,\N,"producer,miscellaneous","tt6567162,tt8618942,tt7612296,tt5599918"
nm2655295,Emily Julius,\N,\N,"producer,production_manager,miscellaneous","tt0497073,tt1257809,tt7512950,tt0146386"
nm4333623,James Cronin,\N,\N,camera_department,tt0974613
nm7609849,Felipe Vanegas Castañeda,\N,\N,set_decorator,tt5049212
nm3563402,Yonit Hannah Olshan Cohen,\N,\N,costume_designer,tt1451706
nm0604422,Rafi Morfugo,\N,\N,miscellaneous,tt0214213
nm7343009,Angela Does,\N,\N,actress,tt4701810
nm3158976,Tasha Morris,\N,\N,"miscellaneous,production_manager,actress","tt0790712,tt2465316,tt4008296,tt0758784"
nm2200768,Kelly Yu-Chieh Lin,\N,\N,music_department,tt0475365
nm3805817,Fraser Hooke,\N,\N,actor,tt0359050
nm6617901,Sina Müller,\N,\N,actress,tt2356464
nm3252344,Germelina Castro,\N,\N,actress,tt0229919
nm0382907,Lois Hicks,\N,\N,actress,"tt0118460,tt0119210,tt0116823,tt0124102"
nm5219860,Ray Haddad,\N,\N,"composer,director,camera_department","tt2565564,tt2466608,tt2345242,tt2890806"
nm5908028,Ken'ichi Makino,\N,\N,actor,tt0110630
nm9353159,Satoru Saitou,\N,\N,actor,"tt3505800,tt11063522"
nm5110173,Taylor Olowin,\N,\N,"actress,costume_department","tt8258926,tt7999322,tt11868392,tt3955638"
nm3358591,Iveta Vítová,1983,\N,,"tt1368434,tt1784380,tt1796399,tt1784381"
nm4752982,Motoaki Fukuda,\N,\N,director,tt2099653
nm7574457,Chris Markle,\N,\N,"actor,writer,producer","tt3219686,tt1844624,tt9173376,tt1950186"
nm7163683,Kyle Sanderson,\N,\N,"actor,miscellaneous,editor","tt7670934,tt8942982,tt7224816,tt5767638"
nm0866272,Carlos Tolve,\N,\N,actor,tt0123307
nm0707871,T. Janaki Ram,\N,\N,director,"tt0251016,tt0251383"
nm5557758,Dan Canyon,\N,\N,"director,editor",tt2752790
nm9230160,Mike Chiavetta,\N,\N,,tt7293016
nm1675519,Yosuke Takahashi,\N,\N,actor,"tt2146543,tt0419821,tt1842939,tt6304676"
nm8299650,Pablo Galbusera y los Nómades,\N,\N,,tt2070365
nm8578812,Aleksandr Evdokimov,\N,\N,cinematographer,tt6241942
nm4016335,Nina Rantala,\N,\N,actress,"tt1702615,tt1880896"
nm6216349,Ghareeb Iskander,\N,\N,writer,tt3465418
nm4468555,Tracy Read,\N,\N,,tt1932308
nm1859628,Caroline Heisler,\N,\N,actress,"tt0795439,tt0138959,tt0491522"
nm0848231,Natalie Talmadge,1896,1969,"actress,writer","tt0011414,tt0014341,tt0010304,tt0011890"
nm0087368,Jack Bland,1899,1968,actor,"tt0280994,tt0416883,tt0170335"
nm6908568,Regina Rohana,\N,\N,actress,tt3745558
nm0728385,Howard Rissin,\N,\N,"sound_department,music_department,miscellaneous","tt0198190,tt3715300,tt0364656,tt1934472"
nm11267195,Micheline Remond,\N,\N,,tt11593548
nm0385771,Raphelle Hink,\N,\N,actress,"tt0118364,tt0150167"
nm10685518,Peejay Svoboda,\N,\N,actor,tt10314074
nm4389688,Nilesh Rai,\N,\N,,tt1872780
nm1325043,James Ollivier,\N,\N,actor,"tt0283332,tt0353998"
nm3096878,Beryl Levy,\N,\N,miscellaneous,tt0902982
nm4245065,Mása Serrano,\N,\N,miscellaneous,tt0303184
nm6685138,Ryan Byrom,\N,\N,producer,tt3919400
nm7088187,Roxanne Lee,\N,\N,actor,tt4401024
nm8709748,Jolei Gibson,\N,\N,actress,tt6426042
nm9582282,Louise Lowenthal,\N,\N,actress,tt0297607
nm6138594,Kevin Frey,\N,\N,"actor,miscellaneous","tt3268828,tt6988576,tt5281700,tt6119504"
nm9177881,Brandon Delyzer,\N,\N,actor,tt4630332
nm8661371,Julien Dörr,\N,\N,visual_effects,tt6355098
nm2948295,Amy Butkus Mooney,\N,\N,"producer,miscellaneous","tt0271894,tt1198098,tt1220638"
nm0708665,Josefina Ramos,1910,1936,"actress,miscellaneous",tt0132021
nm10139883,Elijah Laris,\N,\N,,tt9034516
nm5792852,Adam Biedermann,\N,\N,"editor,cinematographer","tt7130254,tt3042732,tt3908416"
nm2422927,Danny Berish,\N,\N,"director,writer,camera_department","tt0877333,tt0825695"
nm11002043,Franziska Dittrich,\N,\N,"actress,miscellaneous","tt9236688,tt0189307"
nm5198769,Madhushala,\N,\N,actress,tt2318980
nm4099181,Aika Shoji,\N,\N,"actress,stunts","tt1494817,tt1019994"
nm3246014,Simona Siminischi,\N,\N,actress,"tt1327799,tt1336107"
nm1921179,Daniele Coletta,\N,\N,actor,tt0291943
nm6265597,Mani Haider,\N,\N,"director,writer,editor",tt3510622
nm2280675,B. Scrotomski,\N,\N,miscellaneous,tt0805493
nm8190846,Yvonne Trefon,\N,\N,make_up_department,"tt6467064,tt4201422,tt3263674"
nm0585064,Guy Michelmore,\N,\N,"composer,music_department,soundtrack","tt0915463,tt1794595,tt0837143,tt1626038"
nm3231360,Christa Burris,\N,\N,producer,tt1340561
nm1044449,Lucie Lortie,\N,\N,"writer,costume_department,costume_designer","tt1411595,tt0100645,tt0202207,tt0178127"
nm6286504,Miland Gaukar,\N,\N,actor,tt3528740
nm9221274,Ardita Morina,\N,\N,actress,tt7285420
nm1245786,Raul Severo,\N,\N,actor,tt0183935
nm5327955,Amita Pravin,\N,\N,actress,tt2459182
nm6159858,Margot Terc,\N,\N,"miscellaneous,editor","tt4154118,tt3259484,tt4030522"
nm4268594,Man-guen Wong,\N,\N,actress,tt0082543
nm8909119,Colin Burroughs,\N,\N,actor,tt6236554
nm0761103,José Sancho,1944,2013,"actor,miscellaneous","tt0118819,tt0302447,tt0240576,tt0287467"
nm4953925,Iulia Mitzner,\N,\N,"art_department,actress,art_director","tt3859320,tt1723798,tt2494820,tt5447962"
nm3052089,Otona Mode,\N,\N,music_department,tt1194670
nm4055734,Miguel Villaneuva,\N,\N,,tt1629668
nm8910802,Pomona Dream,\N,\N,music_department,tt6746062
nm0083229,Roberto Biraschi,\N,\N,sound_department,"tt0098052,tt0092613,tt0100389,tt0327733"
nm0575146,Suzi Mealing,\N,\N,"producer,assistant_director,actress","tt0144315,tt0113094,tt0116142,tt0109144"
nm8071635,Wojtek Setlak,\N,\N,writer,tt4334594
nm2013322,Aaron Hare,\N,\N,editorial_department,tt0476230
nm6127347,Spencer Patterson,\N,\N,,"tt4149056,tt2847714"
nm1801231,Reeka Roberts,\N,\N,actress,tt0018054
nm4637319,Joe Baldwin,\N,\N,actor,tt1998354
nm2567725,Hannu Paloviita,\N,\N,"music_department,soundtrack","tt0383837,tt3185756"
nm7297642,Elizabeth Zeff,\N,\N,actress,"tt4586226,tt5666934"
nm1456761,Richard Sterban,\N,\N,,"tt10928252,tt1579167,tt0819695,tt0891311"
nm5803025,Tobias Jaeger,\N,\N,"producer,writer,executive","tt3647654,tt2960012"
nm0210199,Constance De Mattiazzi,\N,\N,actress,"tt0042106,tt0043762,tt0040053"
nm8813054,Matt Little,\N,\N,animation_department,tt4953128
nm2695705,Rogier Smeele,\N,\N,miscellaneous,"tt1053831,tt0486531"
nm8884279,Dan Powers,\N,\N,camera_department,tt6710980
nm6316435,Cori Carlson,\N,\N,,tt3437872
nm6061247,Jeremy S. Moorman,\N,\N,miscellaneous,tt3270630
nm3054274,Kurt Hoffmann-Leydorff,\N,\N,actor,tt0122510
nm4662552,Brian R. Wong,\N,\N,"camera_department,sound_department","tt2948856,tt2049418"
nm8646043,Chris Smith,\N,\N,camera_department,tt4317598
nm0238519,Rupert Drum,1882,1959,actor,tt0133810
nm2047127,Aimee Abbruzzese,\N,\N,actress,tt0108578
nm9244743,Tom Naugle,\N,\N,actor,tt5993604
nm11233414,Acquiline Mbithe,\N,\N,miscellaneous,tt11514364
nm3832316,Michael Steinitz,\N,\N,soundtrack,"tt1600739,tt0808315"
nm3166983,Bonnie McFerrin,\N,\N,,tt1308787
nm2313229,Ashley Beem,\N,\N,actress,tt0819701
nm1819387,Wai Chi Wong,\N,\N,"camera_department,actor,cinematographer","tt0101981,tt0103299,tt0308670,tt0100007"
nm6089941,Dakota Griffis,\N,\N,actor,tt3330106
nm0452524,Kathryn Kienke,\N,\N,music_department,tt0116242
nm9155680,Alex Rodriguez,\N,\N,sound_department,tt4702442
nm4621314,Bob Kone,\N,\N,actor,tt0490438
nm4004355,Starkesha Brown Robinson,\N,\N,actress,tt1637976
nm0244264,François Durocher,\N,\N,composer,tt0088893
nm1850055,Filomena Gennaro,\N,\N,miscellaneous,tt0195165
nm6049219,Nicole Leung,\N,\N,actress,tt3282516
nm6309144,Irene Córdoba,\N,\N,make_up_department,"tt4248652,tt3284442"
nm4920472,Pamela Karawia,\N,\N,"costume_department,executive",tt2265603
nm3996911,David Vollowitz,\N,\N,actor,tt1323592
nm0502563,Amy Leonard,\N,\N,actress,tt0258501
nm4478500,Gregor Gerten,\N,\N,sound_department,tt1274758
nm2224093,Paul Reid,\N,\N,actor,tt0396570
nm8031632,Tru Heru,\N,\N,,tt5591740
nm3439865,Josh Toups,\N,\N,"actor,composer","tt1428042,tt2273157,tt1524544"
nm0862413,Antoine Thérond,\N,\N,actor,tt0233283
nm5476542,Susan Migliore,\N,\N,miscellaneous,"tt2837574,tt0443272"
nm6229603,Chris Heward,\N,\N,actor,tt0926230
nm6609200,Todd Squires,\N,\N,miscellaneous,"tt4977390,tt0278692"
nm6712826,Rob Castro,\N,\N,actor,tt3958288
nm9271243,Claire Calzia,\N,\N,actress,tt7370778
nm3934581,Martin Rübenstahl-Schmidt,\N,\N,,tt1661391
nm3121207,Juan Carlos Morelo,\N,\N,camera_department,"tt1264879,tt11967166,tt0473697,tt1151923"
nm2698205,Scott Hanau,\N,\N,music_department,"tt3334704,tt2973402,tt6304452,tt5807780"
nm5188877,Annabel Chung,\N,\N,actress,tt2314348
nm2626655,Victor T. Cook,\N,\N,actor,tt0092969
nm0601586,Marvin Henry Moore,\N,\N,sound_department,"tt0112451,tt0189114"
nm3853534,Ngozi Joy Daniel,\N,\N,actress,"tt1625007,tt1625008"
nm7160002,Yong Shi,\N,\N,camera_department,tt1462900
nm5032768,Ali McKibben,\N,\N,miscellaneous,tt2145522
nm6446806,Yuen Ivy,\N,\N,actress,tt3543336
nm8278393,Bob Willard,\N,\N,,tt5872706
nm8968077,GilDong Lee,\N,\N,miscellaneous,tt4794852
nm8509697,Ryan Saunders,\N,\N,"cinematographer,director,editor",tt6749544
nm9967668,Ting Cao,\N,\N,actress,tt7888070
nm2124579,Steven Nathan,\N,\N,actor,"tt0757996,tt1015464"
nm1029781,Booth Grainge,\N,\N,producer,"tt0016622,tt0410121,tt0409289,tt0410645"
nm4029003,John Hood,\N,\N,producer,tt1708534
nm9480005,Samuel Gagnon-Thibodeau,\N,\N,,tt7735196
nm7154779,Armen Harutyunyan,\N,\N,,tt4131114
nm7152577,Brian Roberts,\N,\N,camera_department,tt4431058
nm7895859,Christophe Sollami,\N,\N,actor,tt5429802
nm3985686,Jim MacFarlane,\N,\N,actor,"tt1533049,tt0363661,tt0447587"
nm8117172,Christian Sulas,\N,\N,,tt5345644
nm1593527,Gilles Pecqueux,\N,\N,,tt0360845
nm5505771,Levente Szabó,\N,\N,"composer,music_department","tt5099020,tt1340834"
nm1841023,Mizuna Kuwabara,\N,\N,writer,tt0447590
nm11489487,Noah Revoy,\N,\N,,tt11173930
nm1466400,Angéline Tischi,\N,\N,actress,tt0336439
nm9727635,Malaka Dewapriya,\N,\N,"director,writer,producer","tt8195434,tt8274414,tt8274452,tt8273484"
nm10828227,Tristan Buhler,\N,\N,camera_department,tt4497570
nm8880349,Aaron Weaver,\N,\N,sound_department,tt6703840
nm3630219,Patrick Bertoletti,\N,\N,,"tt3758280,tt1498346"
nm2321763,Brigitte Trapp,\N,\N,actress,tt0825982
nm3948139,Dan Frishwasser,\N,\N,producer,"tt5165620,tt3012348,tt2113075,tt1698648"
nm9012158,Silke Grygier,\N,\N,actor,tt6921476
nm2073261,Eric Basset,\N,\N,"editor,producer,sound_department","tt1852001,tt7492746,tt7493020,tt7492386"
nm0706073,Anna Raeburn,1944,\N,"writer,actress","tt0078559,tt9019178,tt1196685,tt0088556"
nm8261059,Tick LoganSky,\N,\N,actor,tt2563912
nm0161404,Mel Churcher,\N,\N,"miscellaneous,actress,director","tt5137338,tt0146316,tt0119116,tt0421082"
nm7241293,John McDonald,\N,\N,director,tt4580004
nm8179145,Petr Kovcis,\N,\N,actor,tt5765742
nm11223249,Hamran,\N,\N,actor,tt7221634
nm11244881,Ruard Wallis De Vries,\N,\N,actor,tt11542758
nm5280975,Seth Yassky,\N,\N,producer,tt2005156
nm3337717,Tsutomu Ishigaki,\N,\N,director,tt1383557
nm2621568,Kenji Ishizaka,\N,\N,,tt1010414
nm1381754,Victoria Supple,\N,\N,miscellaneous,tt0094481
nm2559482,Maya Laurinaitis,\N,\N,"miscellaneous,producer,editorial_department","tt1035493,tt0146386,tt1038057,tt0877546"
nm9051295,Ashish Khandokar,\N,\N,actor,"tt8669104,tt6974890"
nm0420150,George Jeffers,\N,\N,actor,tt0099389
nm0771264,Gerda Scheyrer,1923,1999,"actress,music_department","tt1291113,tt0806910,tt11152248,tt0139165"
nm1447302,Jeremy Osbern,\N,\N,"cinematographer,producer,camera_department","tt0882741,tt1245526,tt5320828,tt7483144"
nm5576267,Kevin Taylor,\N,\N,actor,tt2778874
nm6396251,Son Yung Kuk,\N,\N,,tt2938306
nm9870775,Diana Burgos,\N,\N,actor,tt8481978
nm7004182,P.V.S. Rama Rao,\N,\N,miscellaneous,tt1431227
nm3089912,George Gleason,\N,\N,actor,tt1270105
nm4571128,Leonora Abuhado,\N,\N,,tt1981557
nm10646728,Ethan Francis,\N,\N,"camera_department,miscellaneous","tt9759814,tt11802104"
nm0495611,Andrea Leber,\N,\N,"script_department,editorial_department,editor","tt0113375,tt0120374,tt0183076,tt0806910"
nm1743588,Dwight Phipps,\N,\N,producer,"tt0428452,tt0439670,tt0479988,tt2404661"
nm9559536,Lars-Gunnar Thorell,\N,\N,"visual_effects,art_department","tt5227746,tt8004564,tt9355200"
nm5833142,Altai Burguin,\N,\N,"writer,director,composer",tt3084508
nm8894823,Maria Luisa Liguori,\N,\N,script_department,tt0085737
nm0614197,Dennis Murphy,1932,2005,writer,"tt0061634,tt0066463,tt0063585"
nm8248323,Raul Dario Rodriguez,\N,\N,"actor,sound_department",tt5813956
nm2288403,Jamal Case,\N,\N,miscellaneous,tt0813402
nm2860053,Aida Caefer,\N,\N,"special_effects,make_up_department,costume_department","tt0796366,tt1270798,tt1478964,tt0942385"
nm8534239,Pei-Ye Wu,\N,\N,visual_effects,"tt8336340,tt0458290,tt2930604"
nm9218824,Pj Seaux,\N,\N,composer,tt6040450
nm1901214,Naoki Katakai,\N,\N,"art_department,animation_department,art_director","tt0268256,tt0397042,tt0884870,tt0232531"
nm8206380,Edson Leal,\N,\N,actor,tt5709640
nm3131876,Joana Yordanova,\N,\N,miscellaneous,tt1291635
nm4287983,Brianna Kondrat,\N,\N,"miscellaneous,art_department,production_manager","tt1835129,tt1299368,tt1693679,tt1918727"
nm4852721,Tahlia De'Corso,\N,\N,miscellaneous,tt1212909
nm1199708,Angel Meramov,\N,\N,actor,tt0051972
nm7571375,Nate Chandler,\N,\N,camera_department,tt4991832
nm9136883,Tom Tucker,\N,\N,actor,tt7147486
nm9123616,Victor Dods,\N,\N,,tt7127524
nm8480169,Brian Lederman,\N,\N,actor,tt4909070
nm2267731,Kathleen B. Dance,\N,\N,producer,tt0801515
nm7896763,Simon Honneyman,\N,\N,editor,"tt5430840,tt5650560"
nm8874354,Davide Oliveri,\N,\N,production_manager,tt6692556
nm5262249,Jansen Franklin,\N,\N,"director,writer,editorial_department",tt2381942
nm4449299,Arthur Russell,1951,1992,"soundtrack,composer,music_department","tt2011953,tt0486531,tt2124803"
nm2629342,Becky Bodurtha,1981,\N,"costume_designer,costume_department","tt1017435,tt1436564"
nm4753399,Robert Brown,\N,\N,miscellaneous,"tt12089330,tt0094415"
nm2441242,Emilie Fruchart,\N,\N,script_department,"tt1528313,tt1064932,tt1566547,tt3174322"
nm11421192,Julia Liebminger,\N,\N,,tt11886138
nm4855328,Jonathon Deering,\N,\N,"composer,music_department,actor","tt5232140,tt9285882,tt6948548,tt8906376"
nm0445764,Shane T. Keller,\N,\N,sound_department,"tt0063823,tt0241822,tt0176234,tt1181833"
nm8104522,Joe Nann,\N,\N,actor,tt5215606
nm7518501,Artur Krysiak,\N,\N,,tt4917978
nm8395656,Lucía De La Torre,\N,\N,actress,"tt5122374,tt11939138"
nm4396997,Sarah Allen,\N,\N,make_up_department,"tt1828260,tt3102156"
nm4858498,Géraldine Merli,\N,\N,miscellaneous,tt1906422
nm6173964,Sarah Jane Nicholls,\N,\N,"actress,costume_department,producer","tt3422914,tt4446546,tt4592050"
nm2934485,Gaietta Gracci,\N,\N,actress,tt1175669
nm7703193,Sidney,\N,\N,actor,tt5170512
nm4045844,Celeste Mariano,\N,\N,sound_department,tt1056433
nm8114094,Peter Wilkins,\N,\N,miscellaneous,tt5684464
nm0302655,M.F. Gallas,\N,\N,actor,tt0204389
nm5432315,Mady Bone,\N,\N,"costume_department,production_designer","tt3655694,tt2482654"
nm11218582,Emily Hsiang-Chua Yang,\N,\N,actress,tt11478030
nm4161074,Jon Ripley,\N,\N,"actor,sound_department,director","tt4924538,tt8241148,tt10117046,tt1764312"
nm8030052,Romi McPherson,\N,\N,costume_department,tt5530188
nm8343300,Deborah Libby,\N,\N,"camera_department,director,cinematographer","tt12013910,tt6166196,tt7681112,tt5944318"
nm3318889,Alicia Moreno,\N,\N,actress,"tt1606759,tt1374843"
nm1281923,Tyrone Clark,\N,\N,actor,tt0165214
nm5709650,Ekaterina Kuzminskaya,\N,\N,actress,tt1001540
nm1457668,Bugsy,\N,\N,actor,"tt0145400,tt0312528,tt0266489,tt0802999"
nm7803089,Joseph Sawick Jr.,\N,\N,,tt1772281
nm0245623,Anat Dychtwald,\N,\N,actress,"tt0237123,tt0228502"
nm5094369,Louise Kay,\N,\N,actress,"tt2196670,tt2506748,tt5816514,tt2147416"
nm0879525,Peter Törnblom,\N,\N,music_department,tt0118463
nm8332965,Van Brown,\N,\N,producer,tt5791600
nm5037401,Barrel Akiyama,\N,\N,miscellaneous,tt2147390
nm2883829,Michael Tai,\N,\N,"visual_effects,editor,production_manager","tt0183341,tt0465676,tt2413192"
nm10360884,Aiko Kuramoto,\N,\N,production_designer,tt9437152
nm8166897,Satko Mujagic,\N,\N,,tt5574800
nm7964022,Shay,\N,\N,actress,tt5044344
nm6315870,Rey Boemi,\N,\N,cinematographer,tt3648280
nm3070978,K.C. Ladnier,\N,\N,sound_department,"tt0264365,tt0457275,tt0264605,tt0355364"
nm1106756,Gord Zubreki,\N,\N,actor,"tt0117679,tt0154100"
nm5237169,Raja,\N,\N,actor,tt2358074
nm0701755,Valtteri Pääkkönen,\N,\N,"actor,camera_department,special_effects","tt0399336,tt0127559,tt0127591,tt0803023"
nm5685428,Lebrado Alirez,\N,\N,actor,tt2140395
nm4070389,Yiran Xu,\N,\N,"special_effects,animation_department,miscellaneous","tt1722496,tt7361212,tt1978598"
nm9440322,Govind Singh Bisht,\N,\N,actor,tt7668800
nm2004818,Dick Fontaine,\N,\N,"director,producer,miscellaneous","tt1134856,tt1604199,tt1708468,tt2294817"
nm7156497,Bob Mann,\N,\N,composer,tt0253358
nm2576978,Ross David,\N,\N,make_up_department,"tt0408070,tt0419253,tt0375958,tt1827831"
nm3019512,Dan Rockmore,\N,\N,,tt1235714
nm0490359,Fred Latremouille,1945,2015,actor,"tt0085747,tt0079520,tt0080516,tt8264526"
nm3628212,Patty Soldo,\N,\N,actor,tt1517655
nm0107844,Francisco Bretas,\N,\N,actor,"tt0136748,tt0391321,tt0832515,tt0286336"
nm1907988,Katie Swain,\N,\N,"miscellaneous,producer,writer","tt1121786,tt1949012,tt2402207"
nm8360940,Gustavo García Sierra,\N,\N,"camera_department,director,writer","tt4964788,tt5774660,tt5965662,tt6450804"
nm8554554,Michele Werneck,\N,\N,actress,tt6209526
nm3239961,Logan Olson,\N,\N,"special_effects,art_department","tt1377521,tt0981224"
nm2421355,Subhash Raul,\N,\N,camera_department,tt0346457
nm5047221,Nicholas Atanasoff,\N,\N,"director,assistant_director,writer","tt2630048,tt5144666,tt3009126,tt2146218"
nm3916276,Greg Colbrook,\N,\N,actor,tt0074653
nm3042420,Hal G. Rosenbluth,\N,\N,producer,"tt0445900,tt7087030"
nm6315896,Jon Smith,\N,\N,miscellaneous,tt0392042
nm9870142,Hunter Sipes,\N,\N,,tt1587934
nm5971077,Josh West,\N,\N,"writer,actor","tt3212756,tt4319464,tt6238084,tt3212728"
nm1365753,Christophe Colomer,\N,\N,"production_designer,art_department","tt0106042,tt0267165,tt0117544,tt0240149"
nm4804892,Kiran Kanekal,\N,\N,actor,tt2131690
nm9125104,Mario Svirsky,\N,\N,actor,tt5117114
nm5369998,Danny Jaka Sembada,\N,\N,"writer,assistant_director","tt9231140,tt2404241"
nm8522184,Aleksandr Zavyalov,\N,\N,,tt0866613
nm0189604,Betty Crowe,1927,2014,"miscellaneous,assistant_director","tt0094537,tt0240285,tt0088609,tt0124809"
nm1478697,Paul Nakauchi,\N,\N,actor,tt7042146
nm2466099,Peter Rampfel,\N,\N,actor,"tt0163447,tt0328731,tt0073813"
nm0239364,Mirtha Dabner,\N,\N,actress,"tt0058643,tt0055138,tt0144861,tt0198372"
nm0841795,Gary Swanson,1948,\N,"actor,producer","tt0084861,tt0145681,tt0173957,tt0091933"
nm4548622,Sita,\N,\N,actress,tt1995257
nm8283983,Annika Knoche,\N,\N,actress,tt5878656
nm4259652,Lee Soon Jik,\N,\N,visual_effects,"tt0179596,tt0213377"
nm1573199,Lewis Logan,\N,\N,"production_designer,art_director","tt0157218,tt0081851,tt0164295,tt0063932"
nm5136682,Darin Smalling,\N,\N,,tt2218466
nm6486753,Keith Brazier,\N,\N,sound_department,tt1924394
nm0384779,Ángela R. Hill,\N,\N,actress,tt0057188
nm9328685,Trevor Crawford,\N,\N,actor,tt6494490
nm0307591,Lukasz Garlicki,1977,\N,actor,"tt1331277,tt0300406,tt1901024,tt1783244"
nm2941405,Barton Clennon,\N,\N,producer,tt1194574
nm9432374,Eva Friebel,\N,\N,actress,"tt7653954,tt7654552,tt7657596"
nm8298515,Inci Seyrek,\N,\N,actor,tt5894770
nm7232369,Teresa Bonner,\N,\N,producer,tt4569160
nm9850020,Jose Ibañez,\N,\N,,tt8437838
nm8491246,Jung Inbong,\N,\N,"director,writer","tt8542154,tt6127140"
nm10695131,Salma Chafii,\N,\N,producer,"tt10912894,tt10334136"
nm6444934,Sophie Sanchez,\N,\N,location_management,tt3233156
nm5148933,Cindy Ong,\N,\N,actor,tt2252110
nm4615623,Ryan Burian,\N,\N,"actor,sound_department","tt5306146,tt2018096"
nm11262948,Thomas E. Aalerud,\N,\N,miscellaneous,tt0276654
nm1245441,Lucas Olivera,1978,\N,actor,"tt0315850,tt0354533"
nm8469369,Joana Peralta,\N,\N,,"tt7708164,tt6097278,tt8316274,tt7986650"
nm0302567,Kelly Gallant,\N,\N,actress,"tt0114582,tt0105530,tt0108277"
nm1284078,Ugo Piermarini,\N,\N,actor,tt0342890
nm3360345,Angela Santorelli,\N,\N,transportation_department,tt0140337
nm1138214,Kerrie Souster,\N,\N,actress,tt0293113
nm0121551,Jim Burk,1932,2009,"stunts,actor","tt0084726,tt0082198,tt0071315,tt0086837"
nm0627480,Sarah Neville,\N,\N,actress,"tt0099053,tt0103926,tt0112441,tt0115291"
nm7720350,John Wilde,\N,\N,actor,"tt10473238,tt6528564,tt6270566,tt5191006"
nm5769811,Roger Lapuente,\N,\N,"director,writer,cinematographer",tt3009230
nm5256659,Todd Atwell,\N,\N,miscellaneous,tt2293638
nm2619021,Nicolas Proulx,\N,\N,miscellaneous,"tt0409673,tt1286159"
nm0424851,Dale Johnson,\N,\N,editor,tt0062890
nm5955773,Kristopher Stiles,\N,\N,,tt3197964
nm5158379,Giuseppe Dimarco,\N,\N,actor,tt1571402
nm0441079,Imre Kaszás,\N,\N,actor,"tt0102762,tt0193547,tt8689176,tt0267539"
nm4882865,José Manuel Gómez,\N,\N,casting_director,"tt1945034,tt1394151"
nm4563965,Stuart Knight,\N,\N,"miscellaneous,writer,script_department","tt0167260,tt2015422"
nm7215645,David Saperstein,\N,\N,actor,"tt4519014,tt4916364"
nm1703846,Linda Zufall,\N,\N,producer,tt0364664
nm2289886,Karl Futrell-Fruhling,\N,\N,actor,tt0815235
nm1372453,Vanessa Willenzik,\N,\N,actress,tt0127370
nm3833299,William Daniel,\N,\N,camera_department,"tt1270838,tt1613138"
nm1885512,Bhim Singh,\N,\N,art_department,tt0074949
nm7359070,Baruch Gutman,\N,\N,"writer,cinematographer,animation_department","tt4833568,tt1608516,tt4690080"
nm9354201,Marquese Martin-Hayes,\N,\N,actor,tt6779938
nm3317108,Jaime Estrella,\N,\N,camera_department,"tt1213639,tt1314843,tt1417579"
nm3342308,Yongqing Zhong,\N,\N,"production_designer,actor",tt0098946
nm5143785,Alessandra Morales-Gunz,\N,\N,writer,tt2251222
nm3087181,Francesca Dymond,\N,\N,actress,"tt0088621,tt0943690,tt0088512,tt4385236"
nm10860700,Hassen Doss,\N,\N,actor,"tt10462544,tt11192624,tt11909342,tt11219232"
nm5713930,Kevin Kain,\N,\N,"camera_department,actor,director","tt7714802,tt9714030,tt4792480,tt5615280"
nm3964534,Joyce Crandall,\N,\N,actress,"tt0774702,tt1717191"
nm0822911,John Staples,\N,\N,"stunts,actor,transportation_department","tt0097889,tt0090168,tt0162735,tt0089839"
nm8634359,Sylvie Bau,\N,\N,actress,tt6319346
nm0462544,Ales Kocian,1965,\N,"make_up_department,miscellaneous","tt0182408,tt0182306,tt0108027,tt0108265"
nm2661534,Bagus Santoso,\N,\N,actor,"tt8352044,tt1031639,tt1142404,tt0337177"
nm0853925,Mats Tegner,\N,\N,art_department,"tt0102006,tt0102166,tt0102630"
nm4077371,Elisabeth Dillon,\N,\N,actress,tt1714155
nm8487783,Cristina Carrión Márquez,\N,\N,visual_effects,"tt3040964,tt3896100"
nm8267195,Jai Singh,\N,\N,actor,tt5861302
nm4097478,Inger Alette Thaugland,\N,\N,actress,tt1227804
nm6810225,Leticia Armajach,\N,\N,"assistant_director,producer","tt5029630,tt4078074"
nm2353163,Jett Pangan,\N,\N,"actor,soundtrack","tt7284466,tt8367090,tt0856200,tt0478701"
nm4713329,Pam Saavedra,\N,\N,"production_designer,set_decorator","tt2079501,tt4042118"
nm0810421,Hallie Smith-Simmons,\N,\N,make_up_department,"tt0078740,tt0084316,tt0089496,tt0079550"
nm8979475,Michael Ruhs,\N,\N,actor,"tt12092286,tt11585506,tt6868516"
nm6505188,Olivia Requat,\N,\N,"assistant_director,producer,script_department","tt4584550,tt4737784"
nm2817787,Nathan Raynes,\N,\N,actor,tt1132183
nm0668117,Glenn Paxton,\N,\N,"composer,soundtrack","tt0069496,tt0088478,tt0202179,tt1012950"
nm8967520,Connor Holtz,\N,\N,actor,tt6870350
nm0954880,Dorle Zenker,\N,\N,actress,tt0122439
nm8956411,Takaki Soya,\N,\N,,"tt6883952,tt6850884"
nm11136160,Irine Erani,\N,\N,,"tt8086414,tt10538846"
nm4068720,Frank Dennis,\N,\N,,tt1016164
nm7191359,Dave Bell,\N,\N,actor,tt4524636
nm4559376,You Bin,\N,\N,"cinematographer,camera_department","tt1754564,tt1996316"
nm5382271,Natalie Pulliam,\N,\N,actress,tt2505776
nm6635233,Thomas Baker,\N,\N,actor,tt3867896
nm0867809,Torain,\N,\N,actress,tt0079321
nm9925388,Daniel Boyle,\N,\N,"animation_department,producer","tt7397288,tt1523584"
nm3299707,James Card,\N,\N,"actor,director,editor","tt2843922,tt5741184,tt4449328,tt6981200"
nm1369372,Josh Talbot,\N,\N,"writer,actor","tt0118484,tt0115349,tt0108724"
nm2651736,Hein de Vos,\N,\N,"camera_department,cinematographer,stunts","tt4898282,tt1648190,tt3181776,tt1136608"
nm8692619,Patrick Slattery,\N,\N,,tt6396122
nm5221746,Fletcher Cox,1990,\N,,"tt11621622,tt3128584,tt6505332,tt8077544"
nm7976336,Vishal Sharma,\N,\N,actor,tt5525846
nm4249435,Blake Hegna,\N,\N,actor,tt1807075
nm9781199,Andreas Gressmann,\N,\N,,tt8295090
nm1122725,Kirk Larsen,\N,\N,"actor,special_effects,art_director","tt1337566,tt1409024,tt7369734,tt0298865"
nm1899401,Paula Burd,\N,\N,camera_department,"tt0426162,tt0483556"
nm3204641,Oskar Persson,\N,\N,"actor,soundtrack",tt1087851
nm1887164,Jiongjia Li,\N,\N,writer,tt0453317
nm9007533,Carlson Disla,\N,\N,editor,tt4781664
nm9241436,Pietro Carbonaro,\N,\N,"writer,producer,actor","tt7839270,tt7717020,tt8071770,tt7318292"
nm4744780,Clavon Snowden,\N,\N,"camera_department,miscellaneous","tt2073695,tt2095629"
nm5123211,Barbra Barbeau,\N,\N,"producer,sound_department","tt7130126,tt2225708"
nm3893597,Steve Eberhardt,\N,\N,art_department,tt1579313
nm3054722,Igor Chpiliotoff,\N,\N,cinematographer,tt1249387
nm6431460,Jeff Randy,\N,\N,actor,tt1339050
nm5047838,Bill Reilly,\N,\N,"visual_effects,editor,music_department",tt2198675
nm5249748,Ben Holder,\N,\N,miscellaneous,tt0120495
nm10157375,János Káró,\N,\N,miscellaneous,tt0054432
nm5726542,Eddie Chico Thomas-Ponce,\N,\N,camera_department,tt2976028
nm7954360,Nick,\N,\N,editor,tt5501974
nm4679982,Audrey Emerson,\N,\N,"producer,director,actress","tt4937916,tt4653808,tt9023520,tt4460330"
nm0197558,Oleg Dal,1941,1981,"actor,soundtrack","tt0073442,tt0130188,tt0079750,tt0064553"
nm5566943,Amy Rasheedah Kelly,\N,\N,"writer,producer","tt6054730,tt8386344,tt10636832,tt8922836"
nm0289731,David Frame,\N,\N,"editor,sound_department,editorial_department","tt0263235,tt4916682,tt0284498,tt0094869"
nm6811991,Vanessa Hanson,\N,\N,,"tt4572042,tt5528028,tt4067972,tt9246600"
nm5625430,Rhys McCoy,\N,\N,actor,"tt2979842,tt2304426"
nm1413399,Nick Serpe,\N,\N,actor,tt0373812
nm7996920,Britt,\N,\N,actress,tt5044344
nm2193568,James Hackett,\N,\N,camera_department,"tt0024151,tt0037256,tt0036126"
nm5209307,Kate Hogan,\N,\N,miscellaneous,tt2332670
nm0904706,Otakar Vávra,1911,2011,"writer,director,miscellaneous","tt0069982,tt0064546,tt0169406,tt0060910"
nm4604686,Lois Amber Toole,\N,\N,"actress,writer","tt2321596,tt1693592,tt8400758,tt1894614"
nm1067033,Tino Crvelin,\N,\N,actor,tt0079659
nm2055770,Paula Merril-Belak,\N,\N,"location_management,producer","tt0412117,tt0867334,tt0359423,tt0346423"
nm9908180,Federico Carnevali,\N,\N,director,tt8558286
nm4510622,Danièle Fouché,\N,\N,miscellaneous,tt0135011
nm0876059,Phil Tuckett,\N,\N,"director,producer,editor","tt1714828,tt0331574,tt1726747,tt0860419"
nm0476166,Jeff Kurzner,\N,\N,"costume_department,miscellaneous","tt0118745,tt0119580,tt0119796"
nm2032759,Pete Fenton,\N,\N,actor,tt0477587
nm3916205,Dan Churchill,\N,\N,visual_effects,"tt1478964,tt1375666,tt0988045,tt2798920"
nm2609295,Brian Daigle,\N,\N,"camera_department,cinematographer","tt1001490,tt1213636,tt0430770,tt0901476"
nm11416785,Alyosha Kuznetsov,\N,\N,actor,tt0174616
nm0226903,Tracey Dilley,\N,\N,make_up_department,"tt0108826,tt0092479,tt0098898,tt0101142"
nm3672686,G. Andresakis,\N,\N,actor,tt1538302
nm4318100,Pawel Kwasniewski,\N,\N,"producer,director,actor","tt1841791,tt3529158,tt4620156,tt3850910"
nm2096408,Doran Chandler,\N,\N,"miscellaneous,producer,actor","tt0887912,tt1381404,tt0457572,tt1160996"
nm2884073,Ngan-Ying Poon,\N,\N,"actress,costume_department,costume_designer","tt0311792,tt0104553,tt0096078,tt0237501"
nm2703361,Charlie Biel,\N,\N,miscellaneous,tt1058524
nm3057666,Ian Dunn,\N,\N,"actor,miscellaneous",tt1252482
nm8767420,Rhyah Sheedy,\N,\N,make_up_department,"tt10865160,tt6671854,tt6487758"
nm10374789,Steven Christie,\N,\N,actor,tt9547808
nm0168991,Thierry Cofrade,\N,\N,actor,tt0129893
nm6899470,Marie Marini,\N,\N,make_up_department,tt0093054
nm11286748,Tahir Shehzad,\N,\N,actor,tt11461028
nm5163640,Maciej Fronal,\N,\N,camera_department,tt2275600
nm1090988,Prezes,\N,\N,,tt0301043
nm4756546,William Ramsey,\N,\N,,tt2090141
nm0561885,Catherine May,\N,\N,"miscellaneous,producer,actress","tt0340109,tt1925327,tt0253831,tt1925189"
nm6097922,Romei Hinds,\N,\N,actor,tt3333472
nm3702712,Helen Wong,\N,\N,producer,tt1553321
nm7882462,Sergio Gonzalez,\N,\N,"cinematographer,editor",tt5376456
nm9947623,Marie Goulet-Raffety,\N,\N,actor,tt8651280
nm5366482,David Tsai,\N,\N,miscellaneous,tt2428184
nm3335964,Tiffany Yarbrough,\N,\N,miscellaneous,tt1364277
nm8653029,Jeyhun Khalil,\N,\N,producer,tt6344722
nm11331724,Dragonfly Uas,\N,\N,camera_department,tt7708956
nm3574633,Biagio DeSimone,\N,\N,actor,tt1401236
nm4114788,Christina Sattmann,\N,\N,"art_department,miscellaneous,cinematographer","tt5768208,tt1218659,tt1263718,tt1312552"
nm4130181,Eloise Quintanilla,\N,\N,miscellaneous,"tt0146386,tt1569544"
nm5139661,Francesco Crino,\N,\N,sound_department,tt2247940
nm5778499,Weiguo Yu,\N,\N,camera_department,tt5039340
nm9676006,Semih Demir,\N,\N,costume_department,"tt7932896,tt8098348"
nm3606663,Alexandre Prefontaine,\N,\N,actor,"tt1534994,tt0790602,tt8715278,tt0475207"
nm6208553,Michael King,\N,\N,art_department,tt3453512
nm3612954,Kanto Rao,\N,\N,actor,"tt3817852,tt1510860"
nm9494924,Zhaotao Jia,\N,\N,production_manager,tt8734578
nm0060827,Heriberto G. Batemberg,\N,\N,actor,tt0166700
nm1320093,Louis-Albert Serrut,\N,\N,"producer,director,writer","tt0088878,tt5154180,tt0198673,tt0296831"
nm1890755,Sôichirô Kawano,\N,\N,sound_department,"tt0322968,tt0284110"
nm8628997,Chris Mullen,\N,\N,transportation_department,tt5651844
nm6857681,Sortega,\N,\N,actor,tt4135766
nm5800197,Roopashree,\N,\N,actress,"tt10339970,tt3043922"
nm10683786,Tan Tranh Nguyen,\N,\N,actor,tt1328968
nm9967090,Bobbie Peterson,\N,\N,actress,"tt8110232,tt8965666,tt9606374,tt7740496"
nm1373305,Tim Horsely,\N,\N,art_department,tt0198284
nm3997804,The Streets,\N,\N,"soundtrack,actor,composer","tt0385705,tt1966385,tt0435680,tt1658820"
nm6432655,Françoise Mélot,\N,\N,"director,writer",tt3671832
nm9946949,Suman Giri,\N,\N,"producer,production_designer","tt6160932,tt8393764"
nm8744526,Nate Flanders,\N,\N,,tt2624636
nm5712421,Navid Taheri,\N,\N,camera_department,tt2963090
nm2699769,Carolina Cesario,\N,\N,"director,writer",tt1059913
nm10287012,Jay Laeno,\N,\N,,tt9346946
nm3073107,Dennis Parsons,\N,\N,,tt1261412
nm7730370,Mao Shing Ni,\N,\N,,"tt2231696,tt5201994"
nm0515010,Sai-Wan Lau,\N,\N,"production_designer,art_director,art_department","tt2238032,tt3816526,tt1847713,tt0808357"
nm8194285,Jak Norwood,\N,\N,"producer,miscellaneous","tt6180182,tt4532812,tt7331246,tt4532616"
nm0580303,Sam Mercer,\N,\N,"producer,location_management,production_manager","tt0217869,tt3691740,tt0286106,tt0112715"
nm8180433,Joe Neeson,\N,\N,art_department,tt0944947
nm5176327,Johannys Montes de Oca,\N,\N,,tt2292188
nm9102622,Ewald Gôdersmann,\N,\N,camera_department,tt7087382
nm0430474,Jose,\N,\N,director,tt0275649
nm3020895,Max Wilson,1986,\N,"cinematographer,camera_department","tt1229819,tt4083200,tt1340620"
nm1525429,Jean-Luc Verna,\N,\N,"actor,make_up_department,costume_department","tt0173602,tt0165446,tt3431806,tt8010302"
nm2375781,Malcolm Muir Jr.,\N,\N,,"tt0199248,tt0482401"
nm1012165,Sven Sestak,1974,\N,actor,"tt0289360,tt1305794,tt0329512,tt0483754"
nm8608439,Ion Alexe,\N,\N,"actor,production_manager","tt0059090,tt0069978"
nm4776015,A.J. Merlin,\N,\N,"actor,producer,script_department",tt2124946
nm3943936,Jean-Marie Belloteau,\N,\N,"cinematographer,camera_department,editorial_department","tt3662270,tt5192182,tt3380286,tt2231351"
nm5103547,Abhijit Sarkar,\N,\N,assistant_director,tt1542871
nm1507955,Scott Jasper,\N,\N,actor,"tt0382477,tt0450320"
nm0571466,Brendan McKensy,1985,\N,actor,"tt0098896,tt0094481,tt0139765,tt0118270"
nm8232023,Katie Lucht,\N,\N,producer,tt0231035
nm3571388,Louise Black,\N,\N,,"tt1302113,tt0437741"
nm4612138,Russ Cameron,\N,\N,producer,tt1986265
nm10136588,Jim Brosnan,\N,\N,music_department,tt6968704
nm10303551,Pablo Villaseñor,\N,\N,camera_department,tt9382138
nm1740285,Edward Lucas,\N,\N,director,tt0245916
nm3588853,Mark Howard,\N,\N,make_up_department,tt0086340
nm6012138,Danny Diaz,\N,\N,,tt0278229
nm1722888,Valeene Calkins,\N,\N,actress,tt0030392
nm0863864,Giulio Tincu,1923,1978,"production_designer,costume_designer,set_decorator","tt0157336,tt0058439,tt0141784,tt0126960"
nm8171219,Taylor A. Williams,\N,\N,actor,tt2523832
nm10852735,Rainy Kala,\N,\N,visual_effects,tt6105098
nm1006355,José Pulido,\N,\N,actor,tt0078446
nm0450239,Robert Keslow,1960,\N,"camera_department,producer","tt0099364,tt0091603,tt0099747,tt0089730"
nm7910112,Amber Morrey,\N,\N,actress,tt4158318
nm3663973,Ashlea Sherman,\N,\N,actress,tt1534002
nm8924430,Ron Teufel,\N,\N,,tt2455686
nm4248519,Robert Kampa,1983,\N,actor,"tt0262975,tt0439389,tt0389670,tt1808045"
nm11352525,Keith Meinhold,\N,\N,,tt0303459
nm0435912,Adrian Kalitka,\N,\N,actor,tt0084707
nm4751163,Maddie Richhart,\N,\N,"actress,miscellaneous","tt2098773,tt2230654"
nm5779967,Yana Karin,\N,\N,"director,producer,camera_department","tt2481480,tt8101758,tt3786190,tt5142438"
nm7537342,Françoise Dubois,\N,\N,,tt4946364
nm9130588,Edgar Gonzales,\N,\N,actor,tt7130014
nm1092763,Veronika Radó,\N,\N,actress,tt0030399
nm7028283,Manuel Baez,\N,\N,actor,tt4324452
nm10966630,Jeremy Christian,\N,\N,"writer,producer","tt11574936,tt0472989,tt11563294"
nm6372023,Matthew Poncelow,\N,\N,art_department,tt2818348
nm6783832,Frédéric Amerigo,\N,\N,actor,tt4050504
nm5208700,Suresh,\N,\N,make_up_department,tt0232734
nm6572297,Santiago López Gómez,\N,\N,"miscellaneous,assistant_director","tt4878840,tt3532216,tt2791026,tt2443822"
nm1044490,Lynn Barker,\N,\N,"writer,miscellaneous","tt0075585,tt0085110,tt0088634,tt0106145"
nm4358474,James Currie,\N,\N,actor,tt0101175
nm8465256,Emma Regada,\N,\N,art_department,"tt8509526,tt6079382"
nm8561444,Alejandra Alvarez,\N,\N,animation_department,tt6217970
nm5887473,Nicola Taffertshofer,\N,\N,,tt3130424
nm10221224,Nina Hu,\N,\N,actor,tt9099982
nm3416064,Justin Niemiec,\N,\N,composer,tt1419481
nm9403042,Desmond McIntyre,\N,\N,"writer,director,editor","tt8646458,tt7608682"
nm2832079,Alex D'Cunha,\N,\N,camera_department,tt0238936
nm8721846,Nuala Maguire,\N,\N,actress,tt9856236
nm2561275,Jorge Chança,\N,\N,"miscellaneous,stunts,actor","tt0310029,tt3075596,tt0495669,tt1274640"
nm3303548,Vic Pajares,\N,\N,miscellaneous,tt0474931
nm0840265,Janine Sutto,1921,2017,actress,"tt0038010,tt0833595,tt0065632,tt0065891"
nm0143335,Alfredo Casero,1962,\N,"actor,writer,soundtrack","tt0456246,tt0267490,tt0204110,tt0362582"
nm1317008,Ling Ji,\N,\N,actress,"tt0351136,tt4054762,tt0354911"
nm5608830,Alexander Brovedani,\N,\N,"actor,writer,producer","tt11230712,tt3486834,tt5057832,tt8633888"
nm0683985,Richard Pine,\N,\N,"art_department,actor,miscellaneous","tt0106843,tt0107659,tt0084464,tt0085380"
nm0563530,Dawn Mazzella,\N,\N,"stunts,actress","tt0093286,tt0100475,tt0107597,tt0098649"
nm7473191,Rafael Mattielo,\N,\N,camera_department,"tt4878000,tt5569236"
nm2625718,Uli Breme,\N,\N,director,tt1017940
nm1880573,Kathy Forrest,\N,\N,miscellaneous,tt0244841
nm7906800,Tonya Herron,\N,\N,miscellaneous,tt0396321
nm0213743,Alexia Dechamps,1968,\N,actress,"tt0143051,tt0138277,tt0235920,tt0144043"
nm6097242,Nick Griemsmann,\N,\N,,"tt0166442,tt1943174,tt0344647,tt0184090"
nm3925186,Sandy Lowe,\N,\N,actress,tt1663956
nm5723547,Kinneret Barashi,\N,\N,,tt2972660
nm11112028,Furgus,\N,\N,,tt3876658
nm7601136,Allison Miller,\N,\N,,tt5046610
nm8263947,Edouard Leblanc Barbedienne,\N,\N,"art_department,camera_department",tt5720502
nm6557344,George Altschul,\N,\N,actor,tt0087592
nm1499575,Piotr Kmiecik,1976,\N,editor,"tt6421366,tt9121954,tt0982939,tt4048942"
nm9426604,Craig Nahale,\N,\N,actor,tt5304664
nm0622035,Joe Naster,\N,\N,actor,tt0035802
nm6488274,Josh Dean,\N,\N,actor,tt3724220
nm8757066,Tabita Baggesen,\N,\N,director,tt6498760
nm2361295,Lars Wadehn,\N,\N,"producer,assistant_director","tt5161842,tt7675148,tt1560363,tt7172670"
nm2888682,Brandon Colvin,\N,\N,music_department,tt0473692
nm1309311,Julieta Arriaga,\N,\N,costume_department,tt0163452
nm6054229,Grace Fong,\N,\N,miscellaneous,tt0218475
nm4685707,Nick S. Trani,\N,\N,miscellaneous,"tt0039391,tt0037534"
nm1910074,Skippy Hunter,\N,\N,actress,tt0251214
nm5532322,Max Randall,\N,\N,actor,tt2718480
nm2073913,Ron Amador,\N,\N,,tt0077362
nm6659891,Liza Koval,\N,\N,actress,tt3894510
nm8702396,Zaida Diaz,\N,\N,producer,tt5389644
nm3183333,Michal Bulik,\N,\N,"director,actor,writer","tt0441074,tt1318008"
nm3614406,Jim Casazza,\N,\N,actor,tt1512214
nm10831350,Stefan Nehring,\N,\N,,tt2081921
nm5030763,Razaq Sahibjahn,\N,\N,"location_management,actor","tt2717822,tt1242543,tt3706628"
nm6496544,Per Ottar Bjørdalsbakke,\N,\N,actor,tt3731516
nm5541477,Karen Dadey,\N,\N,"actress,producer","tt3434098,tt3152202,tt1856010,tt2908172"
nm1384325,Êvelyne Cailly,\N,\N,actress,tt0122444
nm3673903,Jenny Strain,\N,\N,camera_department,tt0375782
nm0511028,Lucas Orlando Linares,\N,\N,miscellaneous,tt0117069
nm8872340,Nilay Samiran Nandi,\N,\N,"director,writer,actor","tt6688748,tt8066300,tt8375680,tt7694802"
nm3381078,Clogs,\N,\N,"music_department,soundtrack","tt1682181,tt0811128"
nm8709426,Tonino Fresca,\N,\N,actor,tt6425702
nm1035195,Louis Castel,\N,\N,actor,"tt0089849,tt3662072,tt0086890"
nm8020469,Andrew Gonzalez,\N,\N,,tt5554876
nm1991160,Chill Wills and His Avalon Boys,\N,\N,"actor,soundtrack","tt0027332,tt0027415"
nm2118286,David V. Cobert,\N,\N,"actor,casting_department","tt4199774,tt0128591"
nm2228456,Kain Karawahn,\N,\N,miscellaneous,tt0360890
nm8809116,Chelisa Macharia,\N,\N,"actress,assistant_director,camera_department","tt10571332,tt11553820,tt11272616"
nm5034015,Yuki Ise,\N,\N,"stunts,actor","tt5258346,tt3122870,tt2341987"
nm5425420,John O'Donnell,\N,\N,miscellaneous,tt2567148
nm6861263,G'Day Chef,\N,\N,miscellaneous,tt4131142
nm9773832,Rosana Popit,\N,\N,actress,tt8282462
nm7054053,Max,\N,\N,,tt4357298
nm11448514,Levent Yalman,\N,\N,actor,tt0078355
nm1378415,Fulgencio Saturno,\N,\N,"camera_department,cinematographer","tt0164640,tt0435370,tt0228582,tt0116346"
nm7601419,Cole Moss,\N,\N,actor,tt5046942
nm5794562,Bianca Raess,\N,\N,"actress,art_department,costume_designer","tt5281910,tt3061144,tt3004008,tt9165826"
nm10060474,Jacinto Marques,\N,\N,"director,cinematographer,editor","tt11434140,tt11495998,tt11496016,tt11434200"
nm2087315,Olwyn Bourke,\N,\N,,tt0439401
nm7850683,Dilip Potnis,\N,\N,actor,"tt2637956,tt3574816"
nm6636564,Victoria Rosales,\N,\N,producer,tt4492066
nm10530246,Georgi Klyuev,\N,\N,actor,tt5584174
nm0869693,George Tours,\N,\N,art_department,"tt0074964,tt0070903"
nm6981999,Tatiana Pupulin,\N,\N,"actress,assistant_director,producer","tt8373920,tt5668040,tt5540062,tt3177166"
nm6235777,Krystal Ellison,\N,\N,"art_department,camera_department,producer",tt3483644
nm3966104,Alejandro Piña,\N,\N,"writer,miscellaneous","tt1664654,tt2586134"
nm11237662,Kanika Petrie,\N,\N,miscellaneous,tt8201804
nm2757680,Karolina Kozák,\N,\N,actress,tt0130428
nm9004128,Ada Lichtman,\N,\N,,tt6908854
nm0612805,Léo Munger,\N,\N,"actress,soundtrack","tt0111601,tt0157498,tt0099432,tt0250161"
nm3638402,Frank Lasodor,\N,\N,set_decorator,tt1486585
nm5081124,Cheol Shin,\N,\N,editor,"tt3069086,tt1773020"
nm7043643,Margherita Corsi,\N,\N,miscellaneous,tt4114738
nm5391105,Gizem Gülen,1987,\N,"actress,animation_department","tt1220911,tt2552322,tt2262227,tt7130996"
nm6586948,Majid Namjoo-Motlagh,\N,\N,,tt3822070
nm5887182,Emma Cooper,\N,\N,"producer,director,cinematographer","tt7161530,tt1954630,tt0795154,tt1883251"
nm2347466,Monique Lewis,\N,\N,"actress,miscellaneous,sound_department","tt8413862,tt2234701,tt0835489,tt1381872"
nm3662835,Javier López Actis,\N,\N,"actor,miscellaneous",tt1534454
nm10156496,Sandini Dhar,\N,\N,"assistant_director,miscellaneous,art_department","tt8130968,tt9310372,tt9059202"
nm5009534,Maxwell Tshabalala,\N,\N,stunts,tt1571243
nm7234149,George White,\N,\N,actor,tt4571840
nm3642533,Ljubodrag Zunic,\N,\N,"actor,special_effects,make_up_department","tt2160915,tt1525388,tt3088244"
nm6816605,Tracie Bergeson,\N,\N,miscellaneous,tt4085610
nm3761160,Michela Castagneri,\N,\N,,tt1576400
nm11313801,Cameron J. Carter,\N,\N,actor,tt11373122
nm0517478,Bernard Loftus,1906,1966,"editor,editorial_department","tt0029994,tt0028657,tt0028326,tt0025981"
nm5014773,Eric Levin,\N,\N,,tt1607785
nm9554524,Dave Kolt,\N,\N,production_manager,"tt2133233,tt2589178"
nm1210105,Monsieur l'abbé Lafleur,\N,\N,actor,tt0083863
nm8543567,Macha Bunzli,\N,\N,actress,tt6194746
nm1409006,Kathleen Sampson,\N,\N,,tt0373332
nm5707836,Jason Ng,\N,\N,"stunts,actor,miscellaneous","tt8688634,tt6823368,tt3322312,tt1291150"
nm3940048,Wieslaw Mojsak,\N,\N,actor,tt1599164
nm7995014,Titaha Doom,\N,\N,actress,tt0173588
nm4206276,Jeni Niquette,\N,\N,"actress,music_department","tt5921386,tt1433252,tt1262971"
nm5460810,Olavi Meriruoko,\N,\N,actor,tt1320313
nm11243703,Pia Wurz,\N,\N,actress,tt11529956
nm11216642,Doug Kerner,\N,\N,camera_department,tt11454648
nm3308142,Greg Snedeker,\N,\N,music_department,tt0094416
nm7786976,Hayley James,\N,\N,actress,"tt5583484,tt5860718,tt5147992,tt5690218"
nm10232659,Andrew Lituchy,\N,\N,producer,tt7830014
nm5750600,Figo Li,\N,\N,"producer,executive","tt8758086,tt4276752,tt8769848,tt4080956"
nm7792953,Clara Peñalver,\N,\N,,tt2577988
nm3541566,George Bickford,\N,\N,miscellaneous,tt1472159
nm7598966,Alex Aguila,\N,\N,camera_department,"tt5044136,tt7627916,tt4892150"
nm1504898,Andy Kumpon,\N,\N,"director,writer,editor","tt0360735,tt5927014,tt0393494,tt0390474"
nm1763925,Azit Suryavanshi,\N,\N,actor,tt0426864
nm9533586,Karl Friday,\N,\N,,"tt1229946,tt1658998"
nm7680560,Tess Keating,\N,\N,miscellaneous,"tt5712554,tt6454852,tt5143768"
nm3315614,Simon Mayal,\N,\N,animation_department,tt0107875
nm6596347,Anton Ligaarden,\N,\N,"camera_department,editor",tt3830584
nm1924805,Noriko Mizuta,\N,\N,actress,tt0396216
nm4782066,Bryan Howell,\N,\N,"writer,producer,sound_department","tt5074438,tt3856668,tt0879261,tt1541598"
nm2267683,Jamie Deen,1967,\N,,"tt4853798,tt0806913,tt0081857,tt2083731"
nm9256264,Ramesh Bhosale,\N,\N,"cinematographer,camera_department","tt7336774,tt11242930,tt8888104"
nm1350190,Charles Disney,\N,\N,"writer,producer,assistant_director","tt1528709,tt2294799,tt2023756,tt3882166"
nm7314191,Christina Armenian,\N,\N,camera_department,tt4645672
nm7300883,Nekya Holmes,\N,\N,costume_designer,tt4648956
nm11210042,Chuck Williams,\N,\N,actor,tt11440768
nm2105047,Christoper Cruize,\N,\N,actor,tt0067791
nm4609640,Mark Weinberg,\N,\N,,tt0194754
nm7651504,Eliza Baron,\N,\N,actress,tt4725574
nm8395857,Ferenc Görbe,\N,\N,actor,tt0048686
nm5113672,Sargent Crandall,\N,\N,actor,tt2217864
nm11479993,John Penn,\N,\N,actor,tt12101156
nm0022374,Harvey J. Alperin,1950,\N,actor,"tt0081766,tt1291580,tt1655442,tt0094889"
nm2431825,Hubert Holzner,\N,\N,"actor,director","tt0279000,tt0457261"
nm8020531,Die Finther Schoppensänger,\N,\N,,tt5578846
nm3734073,Carina Moraes,\N,\N,actress,tt1459990
nm3983140,Daniel M. Oinepu,\N,\N,location_management,tt0790663
nm3223763,Bob Wood,\N,\N,"director,composer","tt1514448,tt1514441"
nm3265568,Linda Hallberg,\N,\N,make_up_department,tt1357522
nm2026985,Group Home,\N,\N,"soundtrack,composer","tt0108560,tt0114478,tt0181984,tt0478440"
nm6187174,Françoise Coignard,\N,\N,actress,tt3437896
nm2918065,Jennifer Harrison,\N,\N,editor,tt0303278
nm5736038,Eyal Barel,\N,\N,"writer,producer,sound_department","tt2988290,tt5717608"
nm7644484,Roberto Sirna,\N,\N,actor,tt5101180
nm2937512,Wim Adriaenssens,\N,\N,"camera_department,cinematographer","tt2924462,tt1153106,tt2586120,tt1895315"
nm9946440,Kevin Wesseh,\N,\N,actor,tt8103160
nm1688214,Enrico Manente,\N,\N,actor,tt0399633
nm4208390,Karin Eickstaedt,\N,\N,actress,tt1788988
nm10342048,Caroline Plyler,\N,\N,actress,"tt9741820,tt9471378"
nm7932931,Greg Barbee,\N,\N,producer,"tt7150510,tt5503580"
nm6124954,Nathan Parrish,\N,\N,miscellaneous,tt3008160
nm9905936,Quanbin Zheng,\N,\N,production_manager,"tt7013194,tt8553804,tt3682770"
nm6504487,Guy Pandolfi,\N,\N,producer,tt3739446
nm2022815,Leslye Pacheco,\N,\N,producer,tt0477604
nm8186685,Ian Collins,\N,\N,actor,tt5654970
nm4620048,Rebecca Hickey,\N,\N,actress,"tt2305700,tt11529796,tt6063742,tt8068392"
nm3574968,Luke Greensmith,\N,\N,"producer,actor,writer","tt10919732,tt5426394,tt3505714,tt1715769"
nm4304869,Stefanie Dedecker,\N,\N,actress,tt1075110
nm0892402,Wannes van de Velde,1937,2008,"actor,composer,music_department","tt0116184,tt0227976,tt5238584,tt0173904"
nm4153475,Henry A.J. Ramos,\N,\N,miscellaneous,tt0486531
nm3881148,Iben Victoria Eide,\N,\N,actress,tt1398349
nm3282860,Chunilal Mazumdar,\N,\N,art_department,tt1270850
nm7476398,Sam Baker,\N,\N,camera_department,"tt8490988,tt8972556,tt9290128,tt9472532"
nm6652633,Dimas Jayasrana,\N,\N,"art_director,assistant_director,production_designer",tt3887818
nm4911332,Georgios Koufos,\N,\N,writer,tt2254149
nm7213102,Alex,\N,\N,actor,tt2333598
nm9430943,Vino,\N,\N,assistant_director,"tt6735754,tt8042324"
nm7327032,Rick Carden,\N,\N,camera_department,"tt2187358,tt7230846"
nm2137104,Jessi Castro,1986,\N,actress,"tt0848456,tt1991129,tt0492593,tt8598564"
nm6982330,Dan Sabatini,\N,\N,"art_department,actor,editor","tt6240504,tt4285088"
nm2788086,Francesco Cadoni,\N,\N,"visual_effects,camera_department","tt1571234,tt3315342,tt3501632,tt0478970"
nm11244123,Vincent Cheng,\N,\N,,tt11534856
nm7074110,Sarina Morgan,\N,\N,actress,tt1787758
nm1168597,Astrid Zander,\N,\N,"assistant_director,script_department,miscellaneous","tt0363092,tt0302244,tt0119157,tt0806901"
nm5606006,Isoke Edwards Najeeullah,\N,\N,producer,tt2816196
nm2022631,Alex Boy,\N,\N,actor,tt0477373
nm4594785,Ayanna Sanker,\N,\N,actress,tt1976611
nm5368426,Kimmy Liu,\N,\N,writer,tt2243123
nm10042979,Anika Stauch,\N,\N,make_up_department,tt8831962
nm1908509,J.J. Yeley,1976,\N,,"tt0949793,tt7624938,tt0346254,tt6834214"
nm1595514,Jitka Holickova,\N,\N,stunts,tt0332452
nm4975592,Phillip Valdovinos,\N,\N,editorial_department,tt1720280
nm4928738,Lil Trudsson,\N,\N,camera_department,"tt2271415,tt2271413"
nm1180063,Milo Underhill,\N,\N,sound_department,tt0111706
nm1289415,Anilla Akbar,\N,\N,actress,tt0339160
nm6577276,Louis Gruber,\N,\N,"producer,actor","tt4396722,tt2514438,tt3993690"
nm3327008,Oshrat Bennett,\N,\N,actress,tt1379072
nm8812876,Andrew Morris,\N,\N,writer,tt6570872
nm6808775,Andy Cooke,\N,\N,"composer,editor,sound_department","tt7918458,tt8120914,tt8451938,tt5926666"
nm1060434,Ricardo Land,\N,\N,actor,"tt0041468,tt0319509,tt0121631,tt0186210"
nm1260703,Ludvig Hajmer,\N,\N,camera_department,"tt0065987,tt0180869,tt0124111,tt0171491"
nm6191208,Kieshawn Mitchell,\N,\N,,tt3441808
nm7335982,Bülent Üstün,\N,\N,"soundtrack,writer,actor","tt4695548,tt5873756,tt7920978,tt4420704"
nm9439038,Betty Njovu,\N,\N,,tt7570012
nm7395088,Meg Hanna Tominaga,\N,\N,"production_designer,art_director",tt4777000
nm3496610,Lois Whitley,\N,\N,miscellaneous,tt1392233
nm8451154,Sean Flinn,\N,\N,music_department,tt6077202
nm3307032,Noriko Okaku,\N,\N,animation_department,"tt1651954,tt1367304"
nm0474087,Cyril Kuhn,\N,\N,actor,tt0226430
nm9392129,Leslie Mouyeaux,\N,\N,,tt7591542
nm8644715,Chrystelle Canals,\N,\N,,"tt8822346,tt6009094"
nm6308622,Jeanne Sand,\N,\N,actor,"tt3552116,tt3552100"
nm2348704,Peter Washington,\N,\N,actor,"tt0871019,tt1071237,tt0772124"
nm3490645,Jude Simpson,\N,\N,miscellaneous,tt1459044
nm0018888,Sophie Alexandre,\N,\N,"art_department,editorial_department","tt0160642,tt0169504"
nm11184877,Mike Mauren,\N,\N,,tt10148174
nm8502179,Beyond the Black,\N,\N,actor,"tt9572634,tt5439630,tt6139680,tt10533676"
nm5648517,Il-Chul Kang,\N,\N,,tt2877686
nm1714129,Bhanumati,\N,\N,"actress,director,music_department","tt0070253,tt0069810,tt0072026,tt2806524"
nm9697387,Sinead McGowan,\N,\N,make_up_department,"tt8747618,tt2856776,tt8139380"
nm1268006,Ami Chorlton,1983,\N,actress,"tt0246460,tt0228040,tt0207919,tt2991922"
nm11348917,Mak Williams,\N,\N,actor,tt7189780
nm4924224,Julie Leary,\N,\N,make_up_department,tt0209095
nm0900768,Jaroslav Vodehnal,\N,\N,"cinematographer,camera_department,writer","tt0095745,tt0165713,tt2442898,tt11940934"
nm6200671,Duke McCrory,\N,\N,camera_department,tt1477772
nm3740772,Chloe Walters-Wallace,\N,\N,"producer,cinematographer,director","tt4850164,tt7318482,tt1559549,tt1564576"
nm3477159,Somyod Wannaun,\N,\N,miscellaneous,"tt0408196,tt1781922"
nm11080052,Gemma Stannard,\N,\N,actress,tt11171406
nm2606470,Anne Le Corre,\N,\N,composer,tt0317186
nm2840874,Mike Mclaughlin,\N,\N,producer,tt0178146
nm3125633,Zeev Aram,\N,\N,,"tt1729601,tt1140962"
nm8984275,Matt Felts,\N,\N,camera_department,tt5646024
nm0786250,Jerome Seven,\N,\N,"actor,visual_effects,editorial_department","tt0078087,tt0097889,tt0080596,tt0087175"
nm8137336,Jazmine Goodlow,\N,\N,actress,tt5714640
nm9272299,Kaleigh Phillips,\N,\N,art_department,tt4498760
nm11331757,Jason Watt,\N,\N,"actor,production_designer","tt12174034,tt11690242,tt12162466"
nm0801760,Eva Sindahl-Pedersen,1945,\N,sound_department,"tt0331341,tt0123882,tt0072247"
nm2625057,Thilo Rex,\N,\N,music_department,tt0261012
nm1040831,Masunobu Motokawa,\N,\N,"casting_director,casting_department,producer","tt2347134,tt1244666,tt0498305,tt0997147"
nm4067364,Ian MacArthur,\N,\N,assistant_director,tt0060025
nm1374150,Sofía Torre,\N,\N,"editor,assistant_director,sound_department","tt0366570,tt0969722,tt1874592"
nm1526460,Karen Escobar,\N,\N,actress,"tt1059786,tt0976014,tt7422670,tt1083456"
nm5541258,Hiroko Syoui,\N,\N,,tt2714426
nm1785605,Sandra van Oosten,\N,\N,,tt0434904
nm1576535,Manish Thakkar,\N,\N,actor,tt0180846
nm10306240,Jean Baptiste Humbert,\N,\N,,tt0382491
nm3788178,Robert E. Evans,\N,\N,visual_effects,"tt1825683,tt1650062,tt1951265,tt1440129"
nm3004280,Omar Macías,\N,\N,camera_department,"tt1097642,tt1509632,tt2217824"
nm8336327,David Maldonado,\N,\N,actor,tt5926862
nm2492950,Rüdiger Kasig,\N,\N,camera_department,"tt1417094,tt1323950,tt0159876,tt1168756"
nm5965906,Renner Avillis,\N,\N,actor,tt2464018
nm8178217,Paula DeLeon,\N,\N,production_manager,tt0107999
nm8701208,Luigi Occhipinti,\N,\N,writer,tt6413402
nm0098731,Jeff Bottoms,\N,\N,"actor,sound_department,miscellaneous","tt1343091,tt1450324,tt0437086,tt0802999"
nm0467186,Chris Kosloski,\N,\N,"camera_department,producer,editor","tt0119051,tt0449089,tt0388795,tt0250687"
nm3941361,Irena Dobrovolná,\N,\N,writer,"tt7686736,tt1667113"
nm0443120,Lisa Kay,1971,\N,actress,"tt0243155,tt1554921,tt0121164,tt0101114"
nm6625979,Arthur Johnson,\N,\N,actor,tt1861986
nm5841395,Ayanna James,\N,\N,"costume_designer,costume_department","tt9165830,tt5024912,tt7831044,tt4419214"
nm1479767,Anthony Cupo,\N,\N,"art_director,producer,visual_effects","tt0385326,tt7061854,tt5952138,tt1730236"
nm1777772,Nancy Ford,\N,\N,actress,tt0101092
nm1644345,Marjorie Froeschle,\N,\N,actress,tt0415342
nm6017664,Frank Lin,\N,\N,,"tt0165001,tt0270116"
nm8727669,Ryan Casey,\N,\N,camera_department,tt6389682
nm10206374,Shahroz Khan,\N,\N,actor,tt9164164
nm11493836,Wahid Raees,\N,\N,camera_department,"tt12127928,tt12153882"
nm2556009,Melissa Greener,\N,\N,art_department,tt0382222
nm7396787,Mark Nieuwenhuis,\N,\N,,tt4779126
nm9806427,Mike Roberts,\N,\N,miscellaneous,tt8251758
nm3758029,Alan Wooley,\N,\N,"producer,actor,director","tt5877248,tt1686051,tt7164158,tt1701218"
nm8181734,Anton Seregin,\N,\N,"director,producer",tt5768962
nm3836278,Jusu Lounela,\N,\N,"producer,writer","tt1454051,tt5124772,tt1613069,tt5492686"
nm11240878,Carlos Rivera,\N,\N,producer,tt6258216
nm3529197,Katie Russell,\N,\N,"special_effects,camera_department,producer","tt2475878,tt1465520"
nm6441782,Amber Watson,\N,\N,sound_department,tt3681238
nm8037132,Eul Is,\N,\N,make_up_department,tt5588016
nm1329671,Reggie James,\N,\N,actor,"tt0815230,tt1584690,tt0258854"
nm6632976,Miriam van Rossum,\N,\N,actress,tt3865678
nm7387582,Brenda Foster,\N,\N,actress,tt4484880
nm0332266,Auguste Gouiran,\N,\N,actor,"tt0168172,tt0081416"
nm6025337,Manaaki Warren,\N,\N,"visual_effects,animation_department",tt3270412
nm10404370,Stefano Baffetti,\N,\N,actor,tt9610496
nm1225878,Victoria Clay,\N,\N,script_department,tt1805265
nm3050750,Jo Boag,\N,\N,"director,miscellaneous,producer","tt3852258,tt6270328,tt1187579,tt6150252"
nm11394129,Kyle Ward,\N,\N,"director,actor,writer",tt11898546
nm4746830,Marie-Loue Bellefleur,\N,\N,"editorial_department,editor","tt2096520,tt2388350,tt4202382,tt5861066"
nm8742809,Ming Wei,\N,\N,cinematographer,tt6482138
nm6674685,Kathir Karthik,\N,\N,actor,tt3909296
nm7526482,Julie Header,\N,\N,actress,tt4949858
nm8728506,Wynter Kelfe,\N,\N,stunts,tt0113736
nm2758756,Katja Walther,\N,\N,,tt1096755
nm3548707,Julia Picquet,\N,\N,actress,tt1272491
nm7982483,Lynn Cazabon,\N,\N,,tt5440730
nm9186771,Maria Elena Rumayor,\N,\N,actor,tt7230142
nm3409828,Garrian Spivey,\N,\N,"actor,cinematographer,producer","tt1448596,tt1418885"
nm4725590,Casper Anttila,\N,\N,actor,tt2085890
nm2042613,Terry Reid,\N,\N,actor,"tt2117819,tt0388980"
nm7583061,Zafer Biçen,\N,\N,director,tt5022432
nm2043182,Léo Uzan,\N,\N,actor,tt0467723
nm0850168,Daniel Taradash,1913,2003,"writer,director","tt0059470,tt0048491,tt0045793,tt0049800"
nm10543538,Hariyali Desai,\N,\N,"director,actress,writer",tt10011128
nm2570900,Laura Thomson,\N,\N,miscellaneous,tt0976847
nm7739202,Dan Booth,\N,\N,producer,tt1887904
nm6753826,Joselyn Goeden,\N,\N,,tt2242025
nm1573583,Frank Maudsley,1959,\N,"soundtrack,composer,actor","tt2406566,tt3385516,tt2250912,tt3783958"
nm0945816,Shanshan Yan,\N,1952,actress,tt0266097
nm5720017,Kaspar Toporski,\N,\N,cinematographer,tt2970406
nm5234207,Marlon Arly,\N,\N,stunts,tt2101393
nm8030723,Allan R. Walker,\N,\N,actor,"tt2372162,tt3749900,tt0203259,tt10083262"
nm2310485,Eduard Rys,1938,\N,cinematographer,"tt5884862,tt0820143,tt11109302,tt5884948"
nm7862176,Amanda Wilson,\N,\N,miscellaneous,tt5351988
nm8652623,John Lee,\N,\N,actor,tt0101084
nm7876754,Anita Poteri,\N,\N,miscellaneous,tt6632966
nm4091517,Edward Granic,\N,\N,actor,"tt0439389,tt1729636"
nm5183149,Elisa Carlotta Salvati,\N,\N,editor,tt2260438
nm0390151,William Holden Jr.,\N,\N,"actor,stunts,miscellaneous","tt0100192,tt0093405,tt0104990"
nm5331655,Peter Salomone,\N,\N,editorial_department,tt2129470
nm3437793,Stan Swiniarski,\N,\N,composer,tt0278657
nm5188040,Takaro N.,\N,\N,composer,tt2311446
nm3961204,Chuck New,\N,\N,actor,tt1679645
nm2172257,Scottie,\N,\N,actor,tt0765831
nm3141848,Chad Hodkins,\N,\N,,tt0327348
nm0642099,Barry O'Neill,\N,\N,"actor,visual_effects","tt0100477,tt0103512,tt0090466,tt0108551"
nm6208602,Cody Semingson,\N,\N,actor,tt3457822
nm5998344,Richard Berg,\N,\N,"producer,writer","tt4926038,tt5914836,tt8003334,tt3241636"
nm8097743,Kody Schmidt,\N,\N,"actor,writer","tt5663526,tt5734736,tt5734678,tt5734696"
nm7024332,Alex Opes,\N,\N,"actor,director,producer","tt5015752,tt6862728,tt5478860,tt5426518"
nm4709278,Ruth Proskauer Smith,\N,\N,,tt1950799
nm5984280,Marco Saenz,1982,\N,"camera_department,cinematographer,director","tt1578024,tt5864150,tt5047244,tt3226410"
nm2776737,Von Buxhoeveden Tyson,\N,\N,actor,tt1105304
nm0638986,Jouni Näreaho,\N,\N,actor,tt0090215
nm7147758,Edward Wheeler,\N,\N,producer,tt4474990
nm8957639,Bobby Cerrato,\N,\N,actor,tt6837240
nm6105457,Lilia Fernandez,\N,\N,producer,tt3182388
nm4530166,Deaf Center,\N,\N,"soundtrack,composer","tt2217859,tt3524356,tt4145178,tt7144476"
nm10275005,Breeze Harper,\N,\N,,tt7688892
nm10735263,Farid Shariat,\N,\N,miscellaneous,"tt10422240,tt10654246"
nm9578303,Brooke Stiles,\N,\N,camera_department,"tt7917608,tt9340846"
nm4518663,Ashley Bonn,\N,\N,"costume_department,producer,director","tt1974260,tt3447974,tt2651070,tt2551568"
nm5746738,Michael Higgins,\N,\N,art_department,tt0492956
nm2873510,Jennings Randolph,1902,1998,,"tt0089310,tt5175016"
nm9037880,Sharon Harman,\N,\N,actress,tt5698140
nm3063093,Jason Mojica,\N,\N,"producer,miscellaneous,camera_department","tt4653374,tt1258194,tt2782710,tt5130764"
nm4301690,Maricel Cerezo,\N,\N,actress,tt1488579
nm7817193,Amy Price,\N,\N,actress,tt1887746
nm5460857,Tatsiana Tsivikevich,\N,\N,actress,tt2593100
nm3457767,Andrew B. Wilkins,\N,\N,"director,cinematographer,editor","tt5072834,tt1439469"
nm1031175,Randall Don Masteller,\N,\N,"art_department,miscellaneous","tt0955224,tt0293512"
nm7789440,Nathan Crocker,\N,\N,actor,tt5264590
nm0663392,Joaquín Parra,\N,\N,"actor,stunts,miscellaneous","tt0072281,tt0075147,tt0080664,tt0087303"
nm1157751,Tomohisa Higuchi,\N,\N,sound_department,"tt0036980,tt0484005,tt0264112,tt0036400"
nm2639077,Brian Pierce,\N,\N,actor,"tt0838102,tt2035471"
nm1081341,Françoise Guillaume,\N,\N,"writer,actress,script_department","tt1324069,tt0083143"
nm2069053,Antonio Ballerini,\N,\N,actor,tt0178294
nm7735903,Vincent Lichlyter,\N,\N,"music_department,composer","tt7288378,tt5207558"
nm9318854,Sajib Ahmed,\N,\N,"actor,production_manager","tt7460832,tt3289378,tt7487904"
nm5477944,Anwar Higgs,\N,\N,miscellaneous,tt2515134
nm1426762,Augusto Di Paolo,1972,\N,actor,"tt3208116,tt1774286,tt0969676,tt0282292"
nm5003151,Barney Neeley,\N,\N,camera_department,"tt2309284,tt0066717"
nm9837903,Ashley Van Ryn,\N,\N,,tt0044298
nm1290468,Robert Noble,\N,\N,art_department,"tt1979320,tt1655420,tt1007029,tt3300542"
nm0817669,Susan Spell,\N,\N,actress,"tt0063925,tt0068639,tt0068280"
nm3663666,Hannah Sherrard,\N,\N,actress,tt1534337
nm4199901,Ron Levitan,\N,\N,"actor,producer",tt2102367
nm3948350,Steve Burtt,\N,\N,,tt1673457
nm1145745,Emma Lock,\N,\N,"costume_department,costume_designer","tt0120865,tt0405007,tt0123215,tt0117969"
nm3544611,Régis Quintal,\N,\N,"production_manager,location_management","tt8886032,tt6100286,tt2150332,tt1129442"
nm9145718,Martin Chetlen,\N,\N,,tt0159881
nm0441626,Adam Katz,\N,\N,"art_department,visual_effects,animation_department","tt0860829,tt0112853,tt5117670,tt4154664"
nm7874644,Mia Resnik,\N,\N,editor,tt0446213
nm0695277,Pradit Prasartthong,\N,\N,actor,tt0095774
nm2957483,Xanim Qafarova,\N,\N,actress,"tt1204186,tt1382588"
nm11347784,Stephen Tang,\N,\N,actor,tt0276971
nm3369321,Marta de Arriba,\N,\N,writer,tt1394022
nm6771564,Do-Kyeong Lee,\N,\N,actor,"tt2797106,tt8750956"
nm4462830,Christopher Bryant Tucker,\N,\N,"director,actor,writer",tt1934293
nm2753117,Alexander Lorenz,1975,\N,actor,tt1074607
nm2573036,David Jason Pressman,\N,\N,actor,tt0108894
nm2279830,Judith Allard,\N,\N,producer,tt0145529
nm2264406,Jared R. Morris,1983,\N,"editorial_department,editor,producer","tt0384766,tt4851552,tt2229123,tt0387199"
nm7677943,Carlos Denis,\N,\N,producer,tt5140670
nm7390826,Darlene Huynh,\N,\N,producer,tt4771886
nm5251983,David Hague,\N,\N,actor,tt2239078
nm1987981,Henry Mercedes Vales,\N,\N,"actor,writer,director","tt8979132,tt0801017,tt8257760,tt2238964"
nm8270190,Lilin Lace,\N,\N,actress,tt5523166
nm7383079,Francois Landry,\N,\N,"director,writer,producer",tt4762718
nm7596674,Paul Whitrow,\N,\N,actor,"tt4118352,tt9104322,tt4447090,tt4892804"
nm5938546,Wendy Ponce,\N,\N,,tt2125666
nm2101810,Ans Brugmans,\N,\N,costume_designer,tt0488280
nm5245804,Eliza Jenkins,\N,\N,,tt1464058
nm0948460,Greg Yolen,\N,\N,"cinematographer,camera_department,writer","tt0436869,tt0476663,tt0109723,tt0364484"
